Model,AUC Score,Accuracy,Precision,Recall,F1 Score
Logistic Regression,0.974937343358396,0.985,0.9949746835443039,0.985,0.9899622166246851
Neural Network,0.6591478696741855,0.995,0.995,0.995,0.995
Decision Tree,0.4974937343358396,0.9925,0.9949937185929649,0.9925,0.9937452948557088
